{"cameraMode":{"drawMode":0,"name":"Shaded","section":"Shading Mode"},"sceneLighting":false,"audioPlay":false,"sceneViewState":{"showFog":true,"showMaterialUpdate":true,"showSkybox":false,"showFlares":true,"showImageEffects":true,"showParticleSystems":true},"in2DMode":false,"pivot":{"x":508.5174560546875,"y":2.2500014305114748,"z":419.7431640625},"rotation":{"x":0.06700854748487473,"y":-0.9008833169937134,"z":0.40166226029396059,"w":0.15029393136501313},"size":21.569984436035158,"orthographic":false}