{"cameraMode":{"drawMode":0,"name":"Shaded","section":"Shading Mode"},"sceneLighting":false,"audioPlay":false,"sceneViewState":{"showFog":true,"showMaterialUpdate":true,"showSkybox":false,"showFlares":true,"showImageEffects":true,"showParticleSystems":true},"in2DMode":false,"pivot":{"x":26.78143310546875,"y":71.24037170410156,"z":-94.54098510742188},"rotation":{"x":0.08029364794492722,"y":-0.902735710144043,"z":0.3761500418186188,"w":0.1927010715007782},"size":9.691194534301758,"orthographic":false}