{"cameraMode":{"drawMode":0,"name":"Shaded","section":"Shading Mode"},"sceneLighting":true,"audioPlay":false,"sceneViewState":{"showFog":true,"showMaterialUpdate":true,"showSkybox":true,"showFlares":true,"showImageEffects":true,"showParticleSystems":true},"in2DMode":false,"pivot":{"x":1347.902099609375,"y":40.081138610839847,"z":-1107.8642578125},"rotation":{"x":-0.05770863965153694,"y":-0.7322971224784851,"z":0.06253968924283982,"w":-0.6756532192230225},"size":50.333377838134769,"orthographic":false}