{"cameraMode":{"drawMode":0,"name":"Shaded","section":"Shading Mode"},"sceneLighting":false,"audioPlay":false,"sceneViewState":{"showFog":true,"showMaterialUpdate":false,"showSkybox":false,"showFlares":true,"showImageEffects":true,"showParticleSystems":true},"in2DMode":false,"pivot":{"x":1356.030029296875,"y":42.95819091796875,"z":-1156.82568359375},"rotation":{"x":-0.3421005308628082,"y":0.6501957774162293,"z":-0.5376268625259399,"w":-0.41373521089553835},"size":1.1111879348754883,"orthographic":false}