{"cameraMode":{"drawMode":0,"name":"Shaded","section":"Shading Mode"},"sceneLighting":false,"audioPlay":false,"sceneViewState":{"showFog":true,"showMaterialUpdate":false,"showSkybox":false,"showFlares":true,"showImageEffects":true,"showParticleSystems":true},"in2DMode":false,"pivot":{"x":0.9999998807907105,"y":4.505127429962158,"z":0.5051268339157105},"rotation":{"x":0.02554723247885704,"y":0.7549906969070435,"z":-0.0294676274061203,"w":0.6545832753181458},"size":2.5787594318389894,"orthographic":false}