{"cameraMode":{"drawMode":0,"name":"Shaded","section":"Shading Mode"},"sceneLighting":true,"audioPlay":false,"sceneViewState":{"showFog":true,"showMaterialUpdate":false,"showSkybox":true,"showFlares":true,"showImageEffects":true,"showParticleSystems":true},"in2DMode":false,"pivot":{"x":92.9998779296875,"y":141.54037475585938,"z":164.0},"rotation":{"x":0.06184166669845581,"y":-0.9298610091209412,"z":0.31258875131607058,"w":0.1839609146118164},"size":1539.0665283203125,"orthographic":true}