{"cameraMode":{"drawMode":0,"name":"Shaded","section":"Shading Mode"},"sceneLighting":false,"audioPlay":false,"sceneViewState":{"showFog":true,"showMaterialUpdate":false,"showSkybox":false,"showFlares":true,"showImageEffects":true,"showParticleSystems":true},"in2DMode":false,"pivot":{"x":506.9951171875,"y":10.247257232666016,"z":446.1132507324219},"rotation":{"x":-0.4368841052055359,"y":-0.0439470037817955,"z":0.021371878683567048,"w":-0.8981981873512268},"size":19.81011390686035,"orthographic":false}