{"cameraMode":{"drawMode":0,"name":"Shaded","section":"Shading Mode"},"sceneLighting":false,"audioPlay":false,"sceneViewState":{"showFog":true,"showMaterialUpdate":false,"showSkybox":false,"showFlares":true,"showImageEffects":true,"showParticleSystems":true},"in2DMode":false,"pivot":{"x":-0.06522250175476074,"y":0.5008135437965393,"z":-0.04185494780540466},"rotation":{"x":-0.30517056584358218,"y":-0.5742259621620178,"z":0.7196179628372192,"w":-0.24351797997951508},"size":0.8150913715362549,"orthographic":true}