{"cameraMode":{"drawMode":0,"name":"Shaded","section":"Shading Mode"},"sceneLighting":false,"audioPlay":false,"sceneViewState":{"showFog":true,"showMaterialUpdate":false,"showSkybox":false,"showFlares":true,"showImageEffects":true,"showParticleSystems":true},"in2DMode":false,"pivot":{"x":237.88185119628907,"y":1.9960010051727296,"z":262.5765686035156},"rotation":{"x":-0.4368841052055359,"y":-0.0439470037817955,"z":0.021371878683567048,"w":-0.8981981873512268},"size":11.56790542602539,"orthographic":false}