{"cameraMode":{"drawMode":0,"name":"Shaded","section":"Shading Mode"},"sceneLighting":false,"audioPlay":false,"sceneViewState":{"showFog":true,"showMaterialUpdate":false,"showSkybox":false,"showFlares":true,"showImageEffects":true,"showParticleSystems":true},"in2DMode":false,"pivot":{"x":11.029999732971192,"y":-25.450000762939454,"z":6.350000381469727},"rotation":{"x":-0.05347687751054764,"y":0.5572730302810669,"z":-0.035999372601509097,"w":-0.8278237581253052},"size":0.2598072290420532,"orthographic":false}