{"cameraMode":{"drawMode":0,"name":"Shaded","section":"Shading Mode"},"sceneLighting":false,"audioPlay":false,"sceneViewState":{"showFog":true,"showMaterialUpdate":false,"showSkybox":false,"showFlares":true,"showImageEffects":true,"showParticleSystems":true},"in2DMode":false,"pivot":{"x":1356.030029296875,"y":42.95819091796875,"z":-1156.82568359375},"rotation":{"x":-0.04345737770199776,"y":-0.7398853898048401,"z":0.048006780445575717,"w":-0.6696192026138306},"size":1.1111879348754883,"orthographic":true}