{"cameraMode":{"drawMode":0,"name":"Shaded","section":"Shading Mode"},"sceneLighting":false,"audioPlay":false,"sceneViewState":{"showFog":true,"showMaterialUpdate":false,"showSkybox":false,"showFlares":true,"showImageEffects":true,"showParticleSystems":true},"in2DMode":false,"pivot":{"x":508.5174560546875,"y":2.2500014305114748,"z":419.7431640625},"rotation":{"x":0.06184166669845581,"y":-0.9298610091209412,"z":0.31258875131607058,"w":0.1839609146118164},"size":21.569984436035158,"orthographic":true}