{"cameraMode":{"drawMode":0,"name":"Shaded","section":"Shading Mode"},"sceneLighting":false,"audioPlay":false,"sceneViewState":{"showFog":true,"showMaterialUpdate":false,"showSkybox":false,"showFlares":true,"showImageEffects":true,"showParticleSystems":true},"in2DMode":false,"pivot":{"x":0.9999998807907105,"y":4.505127429962158,"z":0.5051268339157105},"rotation":{"x":0.06184166669845581,"y":-0.9298610091209412,"z":0.31258875131607058,"w":0.1839609146118164},"size":2.5787594318389894,"orthographic":true}